-- MySQL dump 10.13  Distrib 8.0.45, for Win64 (x86_64)
--
-- Host: 127.0.0.1    Database: littlelemonbooking
-- ------------------------------------------------------
-- Server version	8.0.45

/*!40101 SET @OLD_CHARACTER_SET_CLIENT=@@CHARACTER_SET_CLIENT */;
/*!40101 SET @OLD_CHARACTER_SET_RESULTS=@@CHARACTER_SET_RESULTS */;
/*!40101 SET @OLD_COLLATION_CONNECTION=@@COLLATION_CONNECTION */;
/*!50503 SET NAMES utf8 */;
/*!40103 SET @OLD_TIME_ZONE=@@TIME_ZONE */;
/*!40103 SET TIME_ZONE='+00:00' */;
/*!40014 SET @OLD_UNIQUE_CHECKS=@@UNIQUE_CHECKS, UNIQUE_CHECKS=0 */;
/*!40014 SET @OLD_FOREIGN_KEY_CHECKS=@@FOREIGN_KEY_CHECKS, FOREIGN_KEY_CHECKS=0 */;
/*!40101 SET @OLD_SQL_MODE=@@SQL_MODE, SQL_MODE='NO_AUTO_VALUE_ON_ZERO' */;
/*!40111 SET @OLD_SQL_NOTES=@@SQL_NOTES, SQL_NOTES=0 */;

--
-- Table structure for table `bookings`
--

DROP TABLE IF EXISTS `bookings`;
/*!40101 SET @saved_cs_client     = @@character_set_client */;
/*!50503 SET character_set_client = utf8mb4 */;
CREATE TABLE `bookings` (
  `BookingID` int NOT NULL AUTO_INCREMENT,
  `BookingDate` date NOT NULL,
  `TableNumber` int NOT NULL,
  `CustomerID` int NOT NULL,
  `StaffID` int NOT NULL,
  PRIMARY KEY (`BookingID`),
  UNIQUE KEY `unique_booking` (`BookingDate`,`TableNumber`),
  KEY `fk_booking_customer` (`CustomerID`),
  KEY `fk_booking_staff` (`StaffID`),
  CONSTRAINT `fk_booking_customer` FOREIGN KEY (`CustomerID`) REFERENCES `customers` (`CustomerID`) ON DELETE CASCADE,
  CONSTRAINT `fk_booking_staff` FOREIGN KEY (`StaffID`) REFERENCES `staff` (`StaffID`) ON DELETE CASCADE
) ENGINE=InnoDB AUTO_INCREMENT=8 DEFAULT CHARSET=utf8mb4 COLLATE=utf8mb4_0900_ai_ci;
/*!40101 SET character_set_client = @saved_cs_client */;

--
-- Dumping data for table `bookings`
--

LOCK TABLES `bookings` WRITE;
/*!40000 ALTER TABLE `bookings` DISABLE KEYS */;
INSERT INTO `bookings` VALUES (1,'2026-05-05',1,1,3),(2,'2026-04-20',2,2,4),(3,'2026-04-21',3,3,3),(4,'2026-04-22',4,4,4),(5,'2026-04-23',5,5,3),(6,'2026-05-01',6,1,2);
/*!40000 ALTER TABLE `bookings` ENABLE KEYS */;
UNLOCK TABLES;

--
-- Table structure for table `customers`
--

DROP TABLE IF EXISTS `customers`;
/*!40101 SET @saved_cs_client     = @@character_set_client */;
/*!50503 SET character_set_client = utf8mb4 */;
CREATE TABLE `customers` (
  `CustomerID` int NOT NULL AUTO_INCREMENT,
  `FullName` varchar(100) NOT NULL,
  `ContactNumber` varchar(20) DEFAULT NULL,
  `Email` varchar(100) DEFAULT NULL,
  PRIMARY KEY (`CustomerID`),
  UNIQUE KEY `ContactNumber` (`ContactNumber`),
  UNIQUE KEY `Email` (`Email`)
) ENGINE=InnoDB AUTO_INCREMENT=6 DEFAULT CHARSET=utf8mb4 COLLATE=utf8mb4_0900_ai_ci;
/*!40101 SET character_set_client = @saved_cs_client */;

--
-- Dumping data for table `customers`
--

LOCK TABLES `customers` WRITE;
/*!40000 ALTER TABLE `customers` DISABLE KEYS */;
INSERT INTO `customers` VALUES (1,'John Doe','670000001','john@example.com'),(2,'Jane Smith','670000002','jane@example.com'),(3,'Michael Brown','670000003','michael@example.com'),(4,'Emily Davis','670000004','emily@example.com'),(5,'David Wilson','670000005','david@example.com');
/*!40000 ALTER TABLE `customers` ENABLE KEYS */;
UNLOCK TABLES;

--
-- Table structure for table `menuitems`
--

DROP TABLE IF EXISTS `menuitems`;
/*!40101 SET @saved_cs_client     = @@character_set_client */;
/*!50503 SET character_set_client = utf8mb4 */;
CREATE TABLE `menuitems` (
  `MenuItemID` int NOT NULL AUTO_INCREMENT,
  `ItemName` varchar(100) DEFAULT NULL,
  `Price` decimal(10,2) DEFAULT NULL,
  `MenuID` int NOT NULL,
  PRIMARY KEY (`MenuItemID`),
  KEY `fk_menuitems_menu` (`MenuID`),
  CONSTRAINT `fk_menuitems_menu` FOREIGN KEY (`MenuID`) REFERENCES `menus` (`MenuID`) ON DELETE CASCADE ON UPDATE CASCADE
) ENGINE=InnoDB AUTO_INCREMENT=7 DEFAULT CHARSET=utf8mb4 COLLATE=utf8mb4_0900_ai_ci;
/*!40101 SET character_set_client = @saved_cs_client */;

--
-- Dumping data for table `menuitems`
--

LOCK TABLES `menuitems` WRITE;
/*!40000 ALTER TABLE `menuitems` DISABLE KEYS */;
INSERT INTO `menuitems` VALUES (1,'Pizza',15.00,1),(2,'Pasta',12.00,1),(3,'Greek Salad',10.00,2),(4,'Grilled Fish',18.00,2),(5,'Croissant',5.00,3),(6,'Steak',25.00,3);
/*!40000 ALTER TABLE `menuitems` ENABLE KEYS */;
UNLOCK TABLES;

--
-- Table structure for table `menus`
--

DROP TABLE IF EXISTS `menus`;
/*!40101 SET @saved_cs_client     = @@character_set_client */;
/*!50503 SET character_set_client = utf8mb4 */;
CREATE TABLE `menus` (
  `MenuID` int NOT NULL AUTO_INCREMENT,
  `Cuisine` varchar(50) DEFAULT NULL,
  PRIMARY KEY (`MenuID`)
) ENGINE=InnoDB AUTO_INCREMENT=4 DEFAULT CHARSET=utf8mb4 COLLATE=utf8mb4_0900_ai_ci;
/*!40101 SET character_set_client = @saved_cs_client */;

--
-- Dumping data for table `menus`
--

LOCK TABLES `menus` WRITE;
/*!40000 ALTER TABLE `menus` DISABLE KEYS */;
INSERT INTO `menus` VALUES (1,'Italian'),(2,'Greek'),(3,'French');
/*!40000 ALTER TABLE `menus` ENABLE KEYS */;
UNLOCK TABLES;

--
-- Table structure for table `orderdeliverystatus`
--

DROP TABLE IF EXISTS `orderdeliverystatus`;
/*!40101 SET @saved_cs_client     = @@character_set_client */;
/*!50503 SET character_set_client = utf8mb4 */;
CREATE TABLE `orderdeliverystatus` (
  `DeliveryID` int NOT NULL AUTO_INCREMENT,
  `OrderID` int NOT NULL,
  `DeliveryDate` date DEFAULT NULL,
  `DeliveryStatus` varchar(50) DEFAULT NULL,
  PRIMARY KEY (`DeliveryID`),
  KEY `fk_delivery_order` (`OrderID`),
  CONSTRAINT `fk_delivery_order` FOREIGN KEY (`OrderID`) REFERENCES `orders` (`OrderID`) ON DELETE CASCADE
) ENGINE=InnoDB AUTO_INCREMENT=6 DEFAULT CHARSET=utf8mb4 COLLATE=utf8mb4_0900_ai_ci;
/*!40101 SET character_set_client = @saved_cs_client */;

--
-- Dumping data for table `orderdeliverystatus`
--

LOCK TABLES `orderdeliverystatus` WRITE;
/*!40000 ALTER TABLE `orderdeliverystatus` DISABLE KEYS */;
INSERT INTO `orderdeliverystatus` VALUES (1,1,'2026-04-10','Delivered'),(2,2,'2026-04-11','Delivered'),(3,3,'2026-04-12','Pending'),(4,4,'2026-04-13','Delivered'),(5,5,'2026-04-14','Pending');
/*!40000 ALTER TABLE `orderdeliverystatus` ENABLE KEYS */;
UNLOCK TABLES;

--
-- Table structure for table `orderitems`
--

DROP TABLE IF EXISTS `orderitems`;
/*!40101 SET @saved_cs_client     = @@character_set_client */;
/*!50503 SET character_set_client = utf8mb4 */;
CREATE TABLE `orderitems` (
  `OrderItemID` int NOT NULL AUTO_INCREMENT,
  `OrderID` int NOT NULL,
  `MenuItemID` int NOT NULL,
  `Quantity` int NOT NULL,
  PRIMARY KEY (`OrderItemID`),
  KEY `fk_orderitems_order` (`OrderID`),
  KEY `fk_orderitems_menuitem` (`MenuItemID`),
  CONSTRAINT `fk_orderitems_menuitem` FOREIGN KEY (`MenuItemID`) REFERENCES `menuitems` (`MenuItemID`) ON DELETE CASCADE,
  CONSTRAINT `fk_orderitems_order` FOREIGN KEY (`OrderID`) REFERENCES `orders` (`OrderID`) ON DELETE CASCADE
) ENGINE=InnoDB AUTO_INCREMENT=9 DEFAULT CHARSET=utf8mb4 COLLATE=utf8mb4_0900_ai_ci;
/*!40101 SET character_set_client = @saved_cs_client */;

--
-- Dumping data for table `orderitems`
--

LOCK TABLES `orderitems` WRITE;
/*!40000 ALTER TABLE `orderitems` DISABLE KEYS */;
INSERT INTO `orderitems` VALUES (1,1,1,2),(2,2,3,1),(3,2,5,2),(4,3,6,1),(5,3,2,1),(6,4,4,1),(7,5,1,2),(8,5,6,1);
/*!40000 ALTER TABLE `orderitems` ENABLE KEYS */;
UNLOCK TABLES;

--
-- Table structure for table `orders`
--

DROP TABLE IF EXISTS `orders`;
/*!40101 SET @saved_cs_client     = @@character_set_client */;
/*!50503 SET character_set_client = utf8mb4 */;
CREATE TABLE `orders` (
  `OrderID` int NOT NULL AUTO_INCREMENT,
  `OrderDate` date NOT NULL,
  `CustomerID` int NOT NULL,
  `TotalCost` decimal(10,2) DEFAULT NULL,
  PRIMARY KEY (`OrderID`),
  KEY `fk_orders_customer` (`CustomerID`),
  CONSTRAINT `fk_orders_customer` FOREIGN KEY (`CustomerID`) REFERENCES `customers` (`CustomerID`) ON DELETE CASCADE ON UPDATE CASCADE
) ENGINE=InnoDB AUTO_INCREMENT=6 DEFAULT CHARSET=utf8mb4 COLLATE=utf8mb4_0900_ai_ci;
/*!40101 SET character_set_client = @saved_cs_client */;

--
-- Dumping data for table `orders`
--

LOCK TABLES `orders` WRITE;
/*!40000 ALTER TABLE `orders` DISABLE KEYS */;
INSERT INTO `orders` VALUES (1,'2026-04-10',1,30.00),(2,'2026-04-11',2,25.00),(3,'2026-04-12',3,40.00),(4,'2026-04-13',4,18.00),(5,'2026-04-14',5,50.00);
/*!40000 ALTER TABLE `orders` ENABLE KEYS */;
UNLOCK TABLES;

--
-- Table structure for table `staff`
--

DROP TABLE IF EXISTS `staff`;
/*!40101 SET @saved_cs_client     = @@character_set_client */;
/*!50503 SET character_set_client = utf8mb4 */;
CREATE TABLE `staff` (
  `StaffID` int NOT NULL AUTO_INCREMENT,
  `FullName` varchar(100) NOT NULL,
  `Role` varchar(50) DEFAULT NULL,
  `Salary` decimal(10,2) DEFAULT NULL,
  PRIMARY KEY (`StaffID`)
) ENGINE=InnoDB AUTO_INCREMENT=5 DEFAULT CHARSET=utf8mb4 COLLATE=utf8mb4_0900_ai_ci;
/*!40101 SET character_set_client = @saved_cs_client */;

--
-- Dumping data for table `staff`
--

LOCK TABLES `staff` WRITE;
/*!40000 ALTER TABLE `staff` DISABLE KEYS */;
INSERT INTO `staff` VALUES (1,'Alice Johnson','Manager',5000.00),(2,'Robert King','Chef',4500.00),(3,'Linda Scott','Waiter',2500.00),(4,'James Green','Waiter',2600.00);
/*!40000 ALTER TABLE `staff` ENABLE KEYS */;
UNLOCK TABLES;

--
-- Dumping events for database 'littlelemonbooking'
--

--
-- Dumping routines for database 'littlelemonbooking'
--
/*!50003 DROP PROCEDURE IF EXISTS `AddBooking` */;
/*!50003 SET @saved_cs_client      = @@character_set_client */ ;
/*!50003 SET @saved_cs_results     = @@character_set_results */ ;
/*!50003 SET @saved_col_connection = @@collation_connection */ ;
/*!50003 SET character_set_client  = utf8mb4 */ ;
/*!50003 SET character_set_results = utf8mb4 */ ;
/*!50003 SET collation_connection  = utf8mb4_0900_ai_ci */ ;
/*!50003 SET @saved_sql_mode       = @@sql_mode */ ;
/*!50003 SET sql_mode              = 'ONLY_FULL_GROUP_BY,STRICT_TRANS_TABLES,NO_ZERO_IN_DATE,NO_ZERO_DATE,ERROR_FOR_DIVISION_BY_ZERO,NO_ENGINE_SUBSTITUTION' */ ;
DELIMITER ;;
CREATE DEFINER=`teburg`@`%` PROCEDURE `AddBooking`(
    IN booking_date DATE,
    IN table_number INT,
    IN customer_id INT,
    IN staff_id INT
)
BEGIN
    INSERT INTO bookings (BookingDate, TableNumber, CustomerID, StaffID)
    VALUES (booking_date, table_number, customer_id, staff_id);
END ;;
DELIMITER ;
/*!50003 SET sql_mode              = @saved_sql_mode */ ;
/*!50003 SET character_set_client  = @saved_cs_client */ ;
/*!50003 SET character_set_results = @saved_cs_results */ ;
/*!50003 SET collation_connection  = @saved_col_connection */ ;
/*!50003 DROP PROCEDURE IF EXISTS `CancelBooking` */;
/*!50003 SET @saved_cs_client      = @@character_set_client */ ;
/*!50003 SET @saved_cs_results     = @@character_set_results */ ;
/*!50003 SET @saved_col_connection = @@collation_connection */ ;
/*!50003 SET character_set_client  = utf8mb4 */ ;
/*!50003 SET character_set_results = utf8mb4 */ ;
/*!50003 SET collation_connection  = utf8mb4_0900_ai_ci */ ;
/*!50003 SET @saved_sql_mode       = @@sql_mode */ ;
/*!50003 SET sql_mode              = 'ONLY_FULL_GROUP_BY,STRICT_TRANS_TABLES,NO_ZERO_IN_DATE,NO_ZERO_DATE,ERROR_FOR_DIVISION_BY_ZERO,NO_ENGINE_SUBSTITUTION' */ ;
DELIMITER ;;
CREATE DEFINER=`teburg`@`%` PROCEDURE `CancelBooking`(
    IN booking_id INT
)
BEGIN
    DELETE FROM bookings
    WHERE BookingID = booking_id;
END ;;
DELIMITER ;
/*!50003 SET sql_mode              = @saved_sql_mode */ ;
/*!50003 SET character_set_client  = @saved_cs_client */ ;
/*!50003 SET character_set_results = @saved_cs_results */ ;
/*!50003 SET collation_connection  = @saved_col_connection */ ;
/*!50003 DROP PROCEDURE IF EXISTS `GetMaxQuantity` */;
/*!50003 SET @saved_cs_client      = @@character_set_client */ ;
/*!50003 SET @saved_cs_results     = @@character_set_results */ ;
/*!50003 SET @saved_col_connection = @@collation_connection */ ;
/*!50003 SET character_set_client  = utf8mb4 */ ;
/*!50003 SET character_set_results = utf8mb4 */ ;
/*!50003 SET collation_connection  = utf8mb4_0900_ai_ci */ ;
/*!50003 SET @saved_sql_mode       = @@sql_mode */ ;
/*!50003 SET sql_mode              = 'ONLY_FULL_GROUP_BY,STRICT_TRANS_TABLES,NO_ZERO_IN_DATE,NO_ZERO_DATE,ERROR_FOR_DIVISION_BY_ZERO,NO_ENGINE_SUBSTITUTION' */ ;
DELIMITER ;;
CREATE DEFINER=`teburg`@`%` PROCEDURE `GetMaxQuantity`()
BEGIN
    SELECT MAX(Quantity) AS MaxQuantity
    FROM orderitems;
END ;;
DELIMITER ;
/*!50003 SET sql_mode              = @saved_sql_mode */ ;
/*!50003 SET character_set_client  = @saved_cs_client */ ;
/*!50003 SET character_set_results = @saved_cs_results */ ;
/*!50003 SET collation_connection  = @saved_col_connection */ ;
/*!50003 DROP PROCEDURE IF EXISTS `ManageBooking` */;
/*!50003 SET @saved_cs_client      = @@character_set_client */ ;
/*!50003 SET @saved_cs_results     = @@character_set_results */ ;
/*!50003 SET @saved_col_connection = @@collation_connection */ ;
/*!50003 SET character_set_client  = utf8mb4 */ ;
/*!50003 SET character_set_results = utf8mb4 */ ;
/*!50003 SET collation_connection  = utf8mb4_0900_ai_ci */ ;
/*!50003 SET @saved_sql_mode       = @@sql_mode */ ;
/*!50003 SET sql_mode              = 'ONLY_FULL_GROUP_BY,STRICT_TRANS_TABLES,NO_ZERO_IN_DATE,NO_ZERO_DATE,ERROR_FOR_DIVISION_BY_ZERO,NO_ENGINE_SUBSTITUTION' */ ;
DELIMITER ;;
CREATE DEFINER=`teburg`@`%` PROCEDURE `ManageBooking`(
    IN booking_date DATE,
    IN table_number INT,
    IN customer_id INT,
    IN staff_id INT
)
BEGIN
    DECLARE table_count INT;

    START TRANSACTION;

    SELECT COUNT(*) INTO table_count
    FROM bookings
    WHERE BookingDate = booking_date
    AND TableNumber = table_number;

    IF table_count = 0 THEN
        INSERT INTO bookings (BookingDate, TableNumber, CustomerID, StaffID)
        VALUES (booking_date, table_number, customer_id, staff_id);

        COMMIT;
        SELECT 'Booking successful' AS Status;
    ELSE
        ROLLBACK;
        SELECT 'Table already booked - booking cancelled' AS Status;
    END IF;

END ;;
DELIMITER ;
/*!50003 SET sql_mode              = @saved_sql_mode */ ;
/*!50003 SET character_set_client  = @saved_cs_client */ ;
/*!50003 SET character_set_results = @saved_cs_results */ ;
/*!50003 SET collation_connection  = @saved_col_connection */ ;
/*!50003 DROP PROCEDURE IF EXISTS `UpdateBooking` */;
/*!50003 SET @saved_cs_client      = @@character_set_client */ ;
/*!50003 SET @saved_cs_results     = @@character_set_results */ ;
/*!50003 SET @saved_col_connection = @@collation_connection */ ;
/*!50003 SET character_set_client  = utf8mb4 */ ;
/*!50003 SET character_set_results = utf8mb4 */ ;
/*!50003 SET collation_connection  = utf8mb4_0900_ai_ci */ ;
/*!50003 SET @saved_sql_mode       = @@sql_mode */ ;
/*!50003 SET sql_mode              = 'ONLY_FULL_GROUP_BY,STRICT_TRANS_TABLES,NO_ZERO_IN_DATE,NO_ZERO_DATE,ERROR_FOR_DIVISION_BY_ZERO,NO_ENGINE_SUBSTITUTION' */ ;
DELIMITER ;;
CREATE DEFINER=`teburg`@`%` PROCEDURE `UpdateBooking`(
    IN booking_id INT,
    IN new_date DATE
)
BEGIN
    UPDATE bookings
    SET BookingDate = new_date
    WHERE BookingID = booking_id;
END ;;
DELIMITER ;
/*!50003 SET sql_mode              = @saved_sql_mode */ ;
/*!50003 SET character_set_client  = @saved_cs_client */ ;
/*!50003 SET character_set_results = @saved_cs_results */ ;
/*!50003 SET collation_connection  = @saved_col_connection */ ;
/*!40103 SET TIME_ZONE=@OLD_TIME_ZONE */;

/*!40101 SET SQL_MODE=@OLD_SQL_MODE */;
/*!40014 SET FOREIGN_KEY_CHECKS=@OLD_FOREIGN_KEY_CHECKS */;
/*!40014 SET UNIQUE_CHECKS=@OLD_UNIQUE_CHECKS */;
/*!40101 SET CHARACTER_SET_CLIENT=@OLD_CHARACTER_SET_CLIENT */;
/*!40101 SET CHARACTER_SET_RESULTS=@OLD_CHARACTER_SET_RESULTS */;
/*!40101 SET COLLATION_CONNECTION=@OLD_COLLATION_CONNECTION */;
/*!40111 SET SQL_NOTES=@OLD_SQL_NOTES */;

-- Dump completed on 2026-04-19 14:20:54
